[
    {
        "problem": "Jacek jest wyższy od Tomka, ale niższy od Adama. Adam jest niższy od Bartka. Kto jest najniższy?",
        "solution": "Tomek"
    },
    {
        "problem": "Kasia jest niższa od Marty, ale wyższa od Ani. Ania jest niższa od Zosi. Kto jest najwyższy?",
        "solution": "Zosia"
    },
    {
        "problem": "Paweł jest niższy od Kuby, ale wyższy od Piotra. Piotr jest niższy od Marcina. Kto jest najniższy?",
        "solution": "Piotr"
    },
    {
        "problem": "Ola jest wyższa od Ewy, ale niższa od Basi. Basia jest niższa od Zosi. Kto jest najniższy?",
        "solution": "Ewa"
    },
    {
        "problem": "Maciek jest wyższy od Wojtka, ale niższy od Michała. Michał jest niższy od Kacpra. Kto jest najniższy?",
        "solution": "Wojtek"
    },
    {
        "problem": "Tomek jest wyższy od Marka, ale niższy od Krzysztofa. Krzysztof jest niższy od Roberta. Kto jest najniższy?",
        "solution": "Marek"
    },
    {
        "problem": "Ewa jest niższa od Ani, ale wyższa od Kasi. Kasia jest niższa od Marty. Kto jest najniższy?",
        "solution": "Kasia"
    },
    {
        "problem": "Adam jest wyższy od Piotra, ale niższy od Tomka. Tomek jest niższy od Janka. Kto jest najniższy?",
        "solution": "Piotr"
    },
    {
        "problem": "Kasia jest niższa od Ani, ale wyższa od Oli. Ola jest niższa od Ewy. Kto jest najwyższy?",
        "solution": "Ania"
    },
    {
        "problem": "Marcin jest wyższy od Michała, ale niższy od Adama. Adam jest niższy od Pawła. Kto jest najniższy?",
        "solution": "Michał"
    },
    {
        "problem": "Anna jest wyższa od Karoliny, ale niższa od Magdy. Magda jest niższa od Marty. Kto jest najniższy?",
        "solution": "Karolina"
    }
]
