[
    {
        "problem": "Ułóż litery „EALNG” w kolejności alfabetycznej.",
        "solution": "A, E, G, L, N"
    },
    {
        "problem": "Ułóż litery „TRMEY” w kolejności alfabetycznej.",
        "solution": "E, M, R, T, Y"
    },
    {
        "problem": "Ułóż litery „OSNCA” w kolejności alfabetycznej.",
        "solution": "A, C, N, O, S"
    },
    {
        "problem": "Ułóż litery „BDYSA” w kolejności alfabetycznej.",
        "solution": "A, B, D, S, Y"
    },
    {
        "problem": "Ułóż litery „PLZEA” w kolejności alfabetycznej.",
        "solution": "A, E, L, P, Z"
    },
    {
        "problem": "Ułóż litery „CUOLR” w kolejności alfabetycznej.",
        "solution": "C, L, O, R, U"
    },
    {
        "problem": "Ułóż litery „WNVIE” w kolejności alfabetycznej.",
        "solution": "E, I, N, V, W"
    },
    {
        "problem": "Ułóż litery „JUDGA” w kolejności alfabetycznej.",
        "solution": "A, D, G, J, U"
    },
    {
        "problem": "Ułóż litery „MQEDI” w kolejności alfabetycznej.",
        "solution": "D, E, I, M, Q"
    },
    {
        "problem": "Ułóż litery „LFVRO” w kolejności alfabetycznej.",
        "solution": "F, L, O, R, V"
    },
    {
        "problem": "Ułóż litery „KTGIE” w kolejności alfabetycznej.",
        "solution": "E, G, I, K, T"
    }
]
