[
    {
        "problem": "Jeśli dziś jest środa, to który dzień tygodnia będzie za 100 dni?",
        "solution": "Piątek"
    },
    {
        "problem": "Jeśli dziś jest poniedziałek, to który dzień tygodnia będzie za 50 dni?",
        "solution": "Wtorek"
    },
    {
        "problem": "Jeśli dziś jest piątek, to który dzień tygodnia był 20 dni temu?",
        "solution": "Sobota"
    },
    {
        "problem": "Jeśli dziś jest czwartek, to który dzień tygodnia będzie za 365 dni?",
        "solution": "Piątek"
    },
    {
        "problem": "Jeśli dziś jest sobota, to który dzień tygodnia będzie za 200 dni?",
        "solution": "Środa"
    },
    {
        "problem": "Jeśli dziś jest wtorek, to który dzień tygodnia był 75 dni temu?",
        "solution": "Czwartek"
    },
    {
        "problem": "Jeśli dziś jest niedziela, to który dzień tygodnia będzie za 150 dni?",
        "solution": "Środa"
    },
    {
        "problem": "Jeśli dziś jest środa, to który dzień tygodnia był 30 dni temu?",
        "solution": "Poniedziałek"
    },
    {
        "problem": "Jeśli dziś jest piątek, to który dzień tygodnia będzie za 120 dni?",
        "solution": "Sobota"
    },
    {
        "problem": "Jeśli dziś jest poniedziałek, to który dzień tygodnia był 45 dni temu?",
        "solution": "Piątek"
    },
    {
        "problem": "Jeśli dziś jest czwartek, to który dzień tygodnia będzie za 80 dni?",
        "solution": "Niedziela"
    }
]
