[
    {
        "problem": "Jacek jest wyższy od Tomka, ale niższy od Adama. Adam jest niższy od Bartka. Kto jest najniższy?",
        "solution": "Tomek"
    },
    {
        "problem": "W układance 5x5 brakuje jednego kawałka w prawym dolnym rogu. Jakie są współrzędne brakującego kawałka?",
        "solution": "(5, 5)"
    },
    {
        "problem": "Znajdź następną liczbę w sekwencji: 2, 6, 12, 20, 30.",
        "solution": "42"
    },
    {
        "problem": "Słowo „pióro” ma odwrotną literę pierwszą i ostatnią w alfabecie. Jakie to litery?",
        "solution": "„p” i „o” są odwrotne do „k” i „b”"
    },
    {
        "problem": "Jaki jest wynik 1 + 1 × 0 + 1?",
        "solution": "2"
    },
    {
        "problem": "Jeśli dziś jest środa, to który dzień tygodnia będzie za 100 dni?",
        "solution": "Piątek"
    },
    {
        "problem": "Ułóż litery „EALNG” w kolejności alfabetycznej.",
        "solution": "A, E, G, L, N"
    },
    {
        "problem": "Jacek ma 4 jabłka, a Ania 8. Ile jabłek musi dać Ania Jackowi, aby oboje mieli tyle samo?",
        "solution": "2 jabłka"
    },
    {
        "problem": "Jaki kolor powstanie po zmieszaniu niebieskiego i żółtego?",
        "solution": "Zielony"
    },
    {
        "problem": "Mam dwie monety, które w sumie dają 30 groszy. Jedna z nich nie jest 10-groszówką. Jakie to monety?",
        "solution": "20 groszy i 10 groszy (bo jedna z nich nie jest 10-groszówką, ale druga może być)"
    }
]